{
	"format_version": "1.8.0",
	"animations": {
		"idle": {
			"loop": true,
			"bones": {
				"rightArm": {
					"rotation": {
						"vector": [90, 0, -180]
					},
					"position": {
						"vector": [5.25, -7.73, 4.53]
					}
				},
				"leftArm": {
					"rotation": {
						"vector": [83.53032, -22.45198, -130.53215]
					},
					"position": {
						"vector": [-3.69914, -7.93024, -8.72402]
					}
				}
			}
		},
		"firing": {
			"loop": "hold_on_last_frame",
			"animation_length": 1.3125,
			"bones": {
				"leftArm": {
					"rotation": {
						"vector": [83.53032, -22.45198, -130.53215]
					},
					"position": {
						"vector": [-3.69914, -7.93024, -8.72402]
					}
				},
				"rightArm": {
					"rotation": {
						"0.3125": {
							"vector": [90, 0, -180]
						},
						"0.4063": {
							"vector": [101, 0, -180]
						},
						"0.5104": {
							"vector": [130.75, 0, -180]
						},
						"0.5625": {
							"vector": [130.75, 0, -180]
						},
						"0.6146": {
							"vector": [153.5, 0, -180],
							"easing": "linear"
						},
						"0.7604": {
							"vector": [153.5, 0, -180],
							"easing": "linear"
						},
						"0.8125": {
							"vector": [130.75, 0, -180]
						},
						"0.8646": {
							"vector": [130.75, 0, -180]
						},
						"0.9688": {
							"vector": [101, 0, -180]
						},
						"1.0625": {
							"vector": [90, 0, -180]
						}
					},
					"position": {
						"0.3125": {
							"vector": [5.25, -7.73, 4.53]
						},
						"0.4063": {
							"vector": [3.55625, -7.09875, 2.6175]
						},
						"0.4583": {
							"vector": [3.3, -7.2375, 2.025]
						},
						"0.5104": {
							"vector": [3.44125, -7.825, 0.99281]
						},
						"0.5625": {
							"vector": [3.44125, -7.7, 0.96781]
						},
						"0.6146": {
							"vector": [3.50375, -8.82125, 2.42125]
						},
						"0.7604": {
							"vector": [3.50375, -8.82125, 2.42125]
						},
						"0.8125": {
							"vector": [3.44125, -7.7, 0.96781]
						},
						"0.8646": {
							"vector": [3.44125, -7.825, 0.99281]
						},
						"0.9167": {
							"vector": [3.3, -7.2375, 2.025]
						},
						"0.9688": {
							"vector": [3.55625, -7.09875, 2.6175]
						},
						"1.0625": {
							"vector": [5.25, -7.73, 4.53]
						}
					}
				},
				"bolt": {
					"position": {
						"0.5625": {
							"vector": [0, 0, 0]
						},
						"0.6146": {
							"vector": [0, 0, 3.4]
						},
						"0.7604": {
							"vector": [0, 0, 3.4]
						},
						"0.8125": {
							"vector": [0, 0, 0]
						}
					}
				},
				"bolthandle": {
					"rotation": {
						"0.4063": {
							"vector": [0, 0, 0]
						},
						"0.5104": {
							"vector": [0, 0, 45]
						},
						"0.8646": {
							"vector": [0, 0, 45]
						},
						"0.9688": {
							"vector": [0, 0, 0]
						}
					}
				},
				"gunbody": {
					"rotation": {
						"0.0521": {
							"vector": ["-5 * query.x_rot_mult", 0, 0]
						},
						"0.4583": {
							"vector": ["2.25 * query.x_rot_mult", 0, 0],
							"easing": "easeInOutSine"
						},
						"0.5625": {
							"vector": ["2.2414 * query.x_rot_mult", "-0.1961 * query.y_rot_mult", "4.9962 * query.x_rot_mult"]
						},
						"0.6146": {
							"vector": ["2.2414 * query.x_rot_mult", "-0.1961 * query.y_rot_mult", "4.9962 * query.x_rot_mult"]
						},
						"0.6667": {
							"vector": ["-0.0086 * query.x_rot_mult", "-0.1961 * query.y_rot_mult", "4.9962 * query.x_rot_mult"]
						},
						"0.8125": {
							"vector": ["0.4914 * query.x_rot_mult", "-0.1961 * query.y_rot_mult", "4.9962 * query.x_rot_mult"]
						},
						"0.9167": {
							"vector": ["2.4914 * query.x_rot_mult", "-0.1961 * query.y_rot_mult", "4.9962 * query.x_rot_mult"]
						},
						"1.1979": {
							"vector": [-0.1875, 0.0625, -0.25],
							"easing": "easeInOutSine"
						},
						"1.3125": {
							"vector": [0, 0, 0],
							"easing": "easeOutSine"
						}
					},
					"position": {
						"0.0": {
							"vector": [0, 0, "3 * query.z_pos_mult"]
						},
						"0.0521": {
							"vector": [0, "0.4181 * query.x_rot_mult", "2.7779 * query.z_pos_mult"]
						},
						"0.1042": {
							"vector": [0, "0.6492 * query.x_rot_mult", "2.2641 * query.z_pos_mult"]
						},
						"0.3646": {
							"vector": [0, 0, 0],
							"easing": "easeInOutSine"
						},
						"0.6146": {
							"vector": [0, "0.4996 * query.x_rot_mult", -0.01963],
							"easing": "easeInOutSine"
						},
						"0.7604": {
							"vector": [0, "0.4996 * query.x_rot_mult", 0.50537],
							"easing": "easeOutBack",
							"easingArgs": [2]
						},
						"0.8125": {
							"vector": [0, "0.4996 * query.x_rot_mult", 0.50537],
							"easing": "easeOutBack"
						},
						"0.9688": {
							"vector": [0, "0.4996 * query.x_rot_mult", -0.01963],
							"easing": "easeOutBack",
							"easingArgs": [2]
						},
						"1.1875": {
							"vector": [0.00625, -0.00625, 0],
							"easing": "easeInOutSine"
						},
						"1.3021": {
							"vector": [0, 0, 0],
							"easing": "easeOutSine"
						}
					}
				},
				"muzzleflash": {
					"rotation": {
						"vector": [0, 0, "math.random(-45,45)"]
					},
					"scale": {
						"0.0": {
							"vector": [1000, 1000, 1]
						},
						"0.0417": {
							"vector": [1, 1, 1]
						}
					}
				},
				"bullet1": {
					"scale": {
						"vector": [0, 0, 0]
					}
				},
				"flash": {
					"rotation": {
						"vector": [0, 0, "math.random(-45,45)"]
					},
					"scale": {
						"0.0": {
							"vector": [1000, 1000, 1]
						},
						"0.0208": {
							"vector": [1, 1, 1]
						}
					}
				}
			},
			"sound_effects": {
				"0.375": {
					"effect": "bolt_pull"
				},
				"0.7188": {
					"effect": "bolt_release"
				}
			}
		},
		"reloading": {
			"loop": true,
			"animation_length": 3.75,
			"bones": {
				"gunbody": {
					"rotation": {
						"0.0833": {
							"vector": [0, 0, 0]
						},
						"0.375": {
							"vector": [-2.02793, -2.89604, -22.50329],
							"easing": "easeInOutSine"
						},
						"0.4167": {
							"vector": [-4.15234, -2.80485, -20.00186],
							"easing": "linear"
						},
						"0.5833": {
							"vector": [5.67183, -2.62851, -10.75298],
							"easing": "easeOutSine"
						},
						"1.0417": {
							"vector": [-2.07916, -4.01448, -36.84137],
							"easing": "easeInOutSine"
						},
						"1.3125": {
							"vector": [-1.07916, -4.01448, -36.84137],
							"easing": "easeInOutSine"
						},
						"1.5": {
							"vector": [0.67084, -4.01448, -36.84137],
							"easing": "easeInSine"
						},
						"1.6667": {
							"vector": [-4.82916, -4.01448, -36.84137],
							"easing": "easeOutSine"
						},
						"2.0625": {
							"vector": [2.25, 0, 0],
							"easing": "easeInOutSine"
						},
						"2.1667": {
							"vector": [2.2414, -0.1961, 4.9962]
						},
						"2.2188": {
							"vector": [2.2414, -0.1961, 4.9962]
						},
						"2.2708": {
							"vector": [-0.0086, -0.1961, 4.9962]
						},
						"2.4167": {
							"vector": [0.4914, -0.1961, 4.9962]
						},
						"2.5208": {
							"vector": [2.4914, -0.1961, 4.9962]
						},
						"2.9375": {
							"vector": [-0.25, 0.0625, -0.25],
							"easing": "easeInOutSine"
						},
						"3.1563": {
							"vector": [0.125, 0, 0],
							"easing": "linear"
						},
						"3.3958": {
							"vector": [-0.0125, 0, 0],
							"easing": "linear"
						},
						"3.75": {
							"vector": [0, 0, 0],
							"easing": "linear"
						}
					},
					"position": {
						"0.0": {
							"vector": [0, 0, 0]
						},
						"0.2917": {
							"vector": [0, 0.5, 0.5],
							"easing": "easeInOutSine"
						},
						"0.375": {
							"vector": [-0.04082, 0.59803, 0.50376],
							"easing": "easeInOutSine"
						},
						"0.5": {
							"vector": [0.11347, -0.51096, 0.76609],
							"easing": "easeOutSine"
						},
						"0.9583": {
							"vector": [-0.10598, 0.22719, 0.36342],
							"easing": "easeInOutSine"
						},
						"1.2292": {
							"vector": [-0.06462, 0.16064, 0.46042],
							"easing": "easeInOutSine"
						},