{
	"format_version": "1.8.0",
	"animations": {
		"idle": {
			"loop": true,
			"bones": {
				"rightArm": {
					"rotation": {
						"vector": [90, 0, -180]
					},
					"position": {
						"vector": [5.25, -7.73, 4.53]
					}
				},
				"leftArm": {
					"rotation": {
						"vector": [83.53032, -22.45198, -130.53215]
					},
					"position": {
						"vector": [-3.69914, -7.93024, -8.72402]
					}
				}
			}
		},
		"firing": {
			"loop": true,
			"animation_length": 1.1875,
			"bones": {
				"leftArm": {
					"rotation": {
						"vector": [83.53032, -22.45198, -130.53215]
					},
					"position": {
						"vector": [-3.69914, -7.93024, -8.72402]
					}
				},
				"rightArm": {
					"rotation": {
						"0.3125": {
							"vector": [90, 0, -180]
						},
						"0.4063": {
							"vector": [101, 0, -180]
						},
						"0.5104": {
							"vector": [130.75, 0, -180]
						},
						"0.5625": {
							"vector": [130.75, 0, -180]
						},
						"0.6146": {
							"vector": [153.5, 0, -180],
							"easing": "linear"
						},
						"0.7604": {
							"vector": [153.5, 0, -180],
							"easing": "linear"
						},
						"0.8125": {
							"vector": [130.75, 0, -180]
						},
						"0.8646": {
							"vector": [130.75, 0, -180]
						},
						"0.9688": {
							"vector": [101, 0, -180]
						},
						"1.0625": {
							"vector": [90, 0, -180]
						}
					},
					"position": {
						"0.3125": {
							"vector": [5.25, -7.73, 4.53]
						},
						"0.4063": {
							"vector": [3.55625, -7.09875, 2.6175]
						},
						"0.4583": {
							"vector": [3.3, -7.2375, 2.025]
						},
						"0.5104": {
							"vector": [3.44125, -7.825, 0.99281]
						},
						"0.5625": {
							"vector": [3.44125, -7.7, 0.96781]
						},
						"0.6146": {
							"vector": [3.50375, -8.82125, 2.42125]
						},
						"0.7604": {
							"vector": [3.50375, -8.82125, 2.42125]
						},
						"0.8125": {
							"vector": [3.44125, -7.7, 0.96781]
						},
						"0.8646": {
							"vector": [3.44125, -7.825, 0.99281]
						},
						"0.9167": {
							"vector": [3.3, -7.2375, 2.025]
						},
						"0.9688": {
							"vector": [3.55625, -7.09875, 2.6175]
						},
						"1.0625": {
							"vector": [5.25, -7.73, 4.53]
						}
					}
				},
				"bolt": {
					"position": {
						"0.5625": {
							"vector": [0, 0, 0]
						},
						"0.6146": {
							"vector": [0, 0, 3.4]
						},
						"0.7604": {
							"vector": [0, 0, 3.4]
						},
						"0.8125": {
							"vector": [0, 0, 0]
						}
					}
				},
				"bolthandle": {
					"rotation": {
						"0.4063": {
							"vector": [0, 0, 0]
						},
						"0.5104": {
							"vector": [0, 0, 45]
						},
						"0.8646": {
							"vector": [0, 0, 45]
						},
						"0.9688": {
							"vector": [0, 0, 0]
						}
					}
				},
				"gunbody": {
					"rotation": {
						"0.0521": {
							"vector": ["-5 * query.x_rot_mult", 0, 0]
						},
						"0.4583": {
							"vector": ["2.25 * query.x_rot_mult", 0, 0],
							"easing": "easeInOutSine"
						},
						"0.5625": {
							"vector": ["2.2414 * query.x_rot_mult", "-0.1961 * query.y_rot_mult", "4.9962 * query.x_rot_mult"]
						},
						"0.6146": {
							"vector": ["2.2414 * query.x_rot_mult", "-0.1961 * query.y_rot_mult", "4.9962 * query.x_rot_mult"]
						},
						"0.6667": {
							"vector": ["-0.0086 * query.x_rot_mult", "-0.1961 * query.y_rot_mult", "4.9962 * query.x_rot_mult"]
						},
						"0.8125": {
							"vector": ["0.4914 * query.x_rot_mult", "-0.1961 * query.y_rot_mult", "4.9962 * query.x_rot_mult"]
						},
						"0.9167": {
							"vector": ["2.4914 * query.x_rot_mult", "-0.1961 * query.y_rot_mult", "4.9962 * query.x_rot_mult"]
						},
						"1.1875": {
							"vector": [0, 0, 0],
							"easing": "easeInOutSine"
						}
					},
					"position": {
						"0.0": {
							"vector": [0, 0, "3 * query.z_pos_mult"]
						},
						"0.0521": {
							"vector": [0, "0.4181 * query.x_rot_mult", "2.7779 * query.z_pos_mult"]
						},
						"0.1042": {
							"vector": [0, "0.6492 * query.x_rot_mult", "2.2641 * query.z_pos_mult"]
						},
						"0.3646": {
							"vector": [0, 0, 0],
							"easing": "easeInOutSine"
						},
						"0.6146": {
							"vector": [0, "0.4996 * query.x_rot_mult", -0.01963],
							"easing": "easeInOutSine"
						},
						"0.7604": {
							"vector": [0, "0.4996 * query.x_rot_mult", 0.50537],
							"easing": "easeOutBack",
							"easingArgs": [2]
						},
						"0.8125": {
							"vector": [0, "0.4996 * query.x_rot_mult", 0.50537],
							"easing": "easeOutBack"
						},
						"0.9688": {
							"vector": [0, "0.4996 * query.x_rot_mult", -0.01963],
							"easing": "easeOutBack",
							"easingArgs": [2]
						},
						"1.1875": {
							"vector": [0, 0, 0],
							"easing": "easeInOutSine"
						}
					}
				},
				"muzzleflash": {
					"rotation": {
						"vector": [0, 0, "math.random(-45,45)"]
					},
					"scale": {
						"0.0": {
							"vector": [1000, 1000, 1]
						},
						"0.0417": {
							"vector": [1, 1, 1]
						}
					}
				},
				"bullet1": {
					"scale": {
						"vector": [0, 0, 0]
					}
				}
			},
			"sound_effects": {
				"0.375": {
					"effect": "bolt_pull"
				},
				"0.6667": {
					"effect": "bolt_release"
				}
			}
		}
	},
	"azurelib_format_version": 2
}